<?xml version="1.0" encoding="UTF-8"?>
<GenRun Id="impl_1" LaunchPart="xc7a100tcsg324-1" LaunchTime="1711098012">
  <File Type="ROUTE-PWR" Name="Controller_power_routed.rpt"/>
  <File Type="PA-TCL" Name="Controller.tcl"/>
  <File Type="ROUTE-PWR-SUM" Name="Controller_power_summary_routed.pb"/>
  <File Type="REPORTS-TCL" Name="Controller_reports.tcl"/>
  <File Type="BITSTR-MSK" Name="Controller.msk"/>
  <File Type="ROUTE-CLK" Name="Controller_clock_utilization_routed.rpt"/>
  <File Type="RDI-RDI" Name="Controller.vdi"/>
  <File Type="BG-BIT" Name="Controller.bit"/>
  <File Type="BG-DRC" Name="Controller.drc"/>
  <File Type="BG-BGN" Name="Controller.bgn"/>
  <File Type="BG-BIN" Name="Controller.bin"/>
  <File Type="BITSTR-RBT" Name="Controller.rbt"/>
  <File Type="BITSTR-NKY" Name="Controller.nky"/>
  <File Type="BITSTR-BMM" Name="Controller_bd.bmm"/>
  <File Type="BITSTR-MMI" Name="Controller.mmi"/>
  <File Type="ROUTE-METHODOLOGY-DRC" Name="Controller_methodology_drc_routed.rpt"/>
  <File Type="BITSTR-SYSDEF" Name="Controller.sysdef"/>
  <File Type="BITSTR-LTX" Name="debug_nets.ltx"/>
  <File Type="BITSTR-LTX" Name="Controller.ltx"/>
  <File Type="WBT-USG" Name="usage_statistics_webtalk.html"/>
  <File Type="OPT-DRC" Name="Controller_drc_opted.rpt"/>
  <File Type="OPT-HWDEF" Name="Controller.hwdef"/>
  <File Type="PLACE-IO" Name="Controller_io_placed.rpt"/>
  <File Type="PLACE-UTIL" Name="Controller_utilization_placed.rpt"/>
  <File Type="PLACE-UTIL-PB" Name="Controller_utilization_placed.pb"/>
  <File Type="PLACE-CTRL" Name="Controller_control_sets_placed.rpt"/>
  <File Type="PLACE-PRE-SIMILARITY" Name="Controller_incremental_reuse_pre_placed.rpt"/>
  <File Type="ROUTE-DRC" Name="Controller_drc_routed.rpt"/>
  <File Type="ROUTE-DRC-PB" Name="Controller_drc_routed.pb"/>
  <File Type="ROUTE-PWR-RPX" Name="Controller_power_routed.rpx"/>
  <File Type="ROUTE-STATUS" Name="Controller_route_status.rpt"/>
  <File Type="ROUTE-STATUS-PB" Name="Controller_route_status.pb"/>
  <File Type="ROUTE-DCP" Name="Controller_routed.dcp"/>
  <File Type="ROUTE-ERROR-DCP" Name="Controller_routed_error.dcp"/>
  <File Type="ROUTE-BLACKBOX-DCP" Name="Controller_routed_bb.dcp"/>
  <File Type="ROUTE-TIMINGSUMMARY" Name="Controller_timing_summary_routed.rpt"/>
  <File Type="ROUTE-TIMING-PB" Name="Controller_timing_summary_routed.pb"/>
  <File Type="ROUTE-TIMING-RPX" Name="Controller_timing_summary_routed.rpx"/>
  <File Type="ROUTE-BUS-SKEW" Name="Controller_bus_skew_routed.rpt"/>
  <File Type="ROUTE-BUS-SKEW-PB" Name="Controller_bus_skew_routed.pb"/>
  <File Type="ROUTE-BUS-SKEW-RPX" Name="Controller_bus_skew_routed.rpx"/>
  <File Type="OPT-DCP" Name="Controller_opt.dcp"/>
  <File Type="PLACE-DCP" Name="Controller_placed.dcp"/>
  <File Type="PWROPT-DCP" Name="Controller_pwropt.dcp"/>
  <File Type="POSTPLACE-PWROPT-DCP" Name="Controller_postplace_pwropt.dcp"/>
  <File Type="PHYSOPT-DCP" Name="Controller_physopt.dcp"/>
  <File Type="POSTROUTE-PHYSOPT-DCP" Name="Controller_postroute_physopt.dcp"/>
  <File Type="POSTROUTE-PHYSOPT-BLACKBOX-DCP" Name="Controller_postroute_physopt_bb.dcp"/>
  <File Type="ROUTE-METHODOLOGY-DRC-PB" Name="Controller_methodology_drc_routed.pb"/>
  <File Type="ROUTE-DRC-RPX" Name="Controller_drc_routed.rpx"/>
  <File Type="ROUTE-METHODOLOGY-DRC-RPX" Name="Controller_methodology_drc_routed.rpx"/>
  <File Type="PDI-FILE" Name="Controller.pdi"/>
  <File Type="RCFI_FILE" Name="Controller.rcfi"/>
  <File Type="CFI_FILE" Name="Controller.cfi"/>
  <File Type="RNPI_FILE" Name="Controller.rnpi"/>
  <File Type="NPI_FILE" Name="Controller.npi"/>
  <File Type="RBD_FILE" Name="Controller.rbd"/>
  <File Type="ROUTE-RQS" Name="Controller_routed.rqs"/>
  <File Type="POSTROUTE-PHYSOPT-RQS" Name="Controller_postroute_physopted.rqs"/>
  <File Type="ROUTE-RQS-RPT" Name="route_report_qor_suggestions_0.rpt"/>
  <File Type="POSTROUTE-PHYSOPT-RQS-RPT" Name="postroute_physopt_report_qor_suggestions_0.rpt"/>
  <FileSet Name="sources" Type="DesignSrcs" RelSrcDir="$PSRCDIR/sources_1" RelGenDir="$PGENDIR/sources_1">
    <Filter Type="Srcs"/>
    <File Path="$PSRCDIR/sources_1/new/SevenSegmentLED.v">
      <FileInfo>
        <Attr Name="UsedIn" Val="synthesis"/>
        <Attr Name="UsedIn" Val="implementation"/>
        <Attr Name="UsedIn" Val="simulation"/>
      </FileInfo>
    </File>
    <File Path="$PSRCDIR/sources_1/new/clk_divider.v">
      <FileInfo>
        <Attr Name="UsedIn" Val="synthesis"/>
        <Attr Name="UsedIn" Val="implementation"/>
        <Attr Name="UsedIn" Val="simulation"/>
      </FileInfo>
    </File>
    <File Path="$PSRCDIR/sources_1/new/counter.v">
      <FileInfo>
        <Attr Name="UsedIn" Val="synthesis"/>
        <Attr Name="UsedIn" Val="implementation"/>
        <Attr Name="UsedIn" Val="simulation"/>
      </FileInfo>
    </File>
    <File Path="$PSRCDIR/sources_1/new/debouncer.v">
      <FileInfo>
        <Attr Name="UsedIn" Val="synthesis"/>
        <Attr Name="UsedIn" Val="implementation"/>
        <Attr Name="UsedIn" Val="simulation"/>
      </FileInfo>
    </File>
    <File Path="$PSRCDIR/sources_1/new/synchnorizer.v">
      <FileInfo>
        <Attr Name="UsedIn" Val="synthesis"/>
        <Attr Name="UsedIn" Val="implementation"/>
        <Attr Name="UsedIn" Val="simulation"/>
      </FileInfo>
    </File>
    <File Path="$PSRCDIR/sources_1/new/Controller.v">
      <FileInfo>
        <Attr Name="UsedIn" Val="synthesis"/>
        <Attr Name="UsedIn" Val="implementation"/>
        <Attr Name="UsedIn" Val="simulation"/>
      </FileInfo>
    </File>
    <Config>
      <Option Name="DesignMode" Val="RTL"/>
      <Option Name="TopModule" Val="Controller"/>
      <Option Name="TopAutoSet" Val="TRUE"/>
    </Config>
  </FileSet>
  <FileSet Name="constrs_in" Type="Constrs" RelSrcDir="$PSRCDIR/constrs_1">
    <Filter Type="Constrs"/>
    <File Path="$PSRCDIR/constrs_1/new/constraints.xdc">
      <FileInfo>
        <Attr Name="UsedIn" Val="synthesis"/>
        <Attr Name="UsedIn" Val="implementation"/>
      </FileInfo>
    </File>
    <Config>
      <Option Name="ConstrsType" Val="XDC"/>
    </Config>
  </FileSet>
  <FileSet Name="utils" Type="Utils" RelSrcDir="$PSRCDIR/utils_1">
    <Filter Type="Utils"/>
    <File Path="$PSRCDIR/utils_1/imports/synth_1/Controller.dcp">
      <FileInfo>
        <Attr Name="UsedIn" Val="synthesis"/>
        <Attr Name="UsedIn" Val="implementation"/>
        <Attr Name="UsedInSteps" Val="synth_1"/>
        <Attr Name="AutoDcp" Val="1"/>
      </FileInfo>
    </File>
    <Config>
      <Option Name="TopAutoSet" Val="TRUE"/>
    </Config>
  </FileSet>
  <Strategy Version="1" Minor="2">
    <StratHandle Name="Vivado Implementation Defaults" Flow="Vivado Implementation 2022"/>
    <Step Id="init_design"/>
    <Step Id="opt_design"/>
    <Step Id="power_opt_design"/>
    <Step Id="place_design"/>
    <Step Id="post_place_power_opt_design"/>
    <Step Id="phys_opt_design"/>
    <Step Id="route_design"/>
    <Step Id="post_route_phys_opt_design"/>
    <Step Id="write_bitstream"/>
  </Strategy>
</GenRun>
